Queens,Addisleigh Park,
Nassau,Albertson,
Bronx,Allerton,
Hamptons,Amagansett,
Westchester,Amawalk,
Suffolk,Amity Harbor,
Suffolk,Amityville,
Staten Island,Annandale,
Hamptons,Aquebogue,
Westchester,Ardsley,
Westchester,Ardsley-on-Hudson,
Westchester,Armonk,
Queens,Arverne,
Suffolk,Asharoken,
Queens,Astoria,
Nassau,Atlantic Beach,
Suffolk,Atlantique,
Suffolk,Babylon,
Hamptons,Baiting Hollow,
Nassau,Baldwin,
Nassau,Baldwin Harbor,
Westchester,Baldwin Place,
Brooklyn,Bath Beach,
Manhattan,Battery Park City,
Brooklyn,Bay Ridge,
Suffolk,Bay Shore,
Bronx,Baychester,
Suffolk,Bayport,
Queens,Bayside,
Queens,Bayswater,
Nassau,Bayville,
Westchester,Bedford,
Westchester,Bedford Corners,
Westchester,Bedford Hills,
Bronx,Bedford Park,
Brooklyn,Bedford Stuyvesant,
Queens,Beechhurst,
Manhattan,Beekman,
Queens,Bell Harbor,
Queens,Belle Harbor,
Suffolk,Belle Terre,
Queens,Bellerose,
Nassau,Bellerose Terrace,
Nassau,Bellerose Village,
Nassau,Bellmore,
Suffolk,Bellport,
Suffolk,Bellport Village,
Bronx,Belmont,
Brooklyn,Bensonhurst,
Brooklyn,Bergen Beach,
Nassau,Bethpage,
Suffolk,Blue Point,
Suffolk,Blue Point Beach,
Brooklyn,Boerum Hill,
Suffolk,Bohemia,
Brooklyn,Borough Park,
Suffolk,Brentwood,
Westchester,Briarcliff Manor,
Queens,Briarwood,
Hamptons,Bridgehampton,
Hamptons,Bridgehampton North,
Hamptons,Bridgehampton South,
Brooklyn,Brighton Beach,
Suffolk,Brightwaters,
Queens,Broad Channel,
Bronx,Bronx,
Bronx,Bronx River,
Westchester,Bronxville,
Suffolk,Brookhaven,
Brooklyn,Brooklyn Heights,
Brooklyn,Brooklyn Navy Yard,
Brooklyn,Brooklyn Other,
Nassau,Brookville,
Brooklyn,Brownsville,
Bronx,Bruckner,
Westchester,Buchanan,
Brooklyn,Bushwick,
Queens,Cambria Heights,
Brooklyn,Canarsie,
Nassau,Carle Place,
Manhattan,Carnegie Hill,
Brooklyn,Carroll Gardens,
Bronx,Castle Hill,
Nassau,Cedarhurst,
Suffolk,Centereach,
Suffolk,Centerport,
Suffolk,Central Islip,
Manhattan,Central Park South,
Nassau,Centre Island,
Westchester,Chappaqua,
Manhattan,Chelsea,
Suffolk,Cherry Grove,
Bronx,City Island,
Brooklyn,City Line,
Bronx,Clason Point,
Manhattan,Clinton,
Brooklyn,Clinton Hill,
Brooklyn,Cobble Hill,
Suffolk,Cold Spring Harbor,
Suffolk,Cold Spring Hill,
Queens,College Point,
Brooklyn,Columbia Street Waterfront District,
Suffolk,Commack,
Brooklyn,Coney Island,
Bronx,Co-op City,
Suffolk,Copiague,
Suffolk,Coram,
Suffolk,Corneille Estates,
Queens,Corona,
Westchester,Cortlandt,
Westchester,Cortlandt Manor,
Bronx,Country Club,
Nassau,Cove Neck,
Westchester,Crompond,
Westchester,Cross River,
Westchester,Croton Falls,
Bronx,Crotona Park East,
Westchester,Croton-on-Hudson,
Brooklyn,Crown Heights,
Westchester,Crugers,
Brooklyn,Cypress Hills,
Suffolk,Davis Park,
Suffolk,Deer Park,
Brooklyn,Ditmas Park,
Suffolk,Dix Hills,
Westchester,Dobbs Ferry,
Queens,Douglaston,
Brooklyn,Downtown Brooklyn,
Brooklyn,Dumbo,
Suffolk,Dunewood,
Brooklyn,Dyker Heights,
Nassau,East Atlantic Beach,
Queens,East Elmhurst,
Suffolk,East Farmingdale,
Westchester,East Fishkill,
Brooklyn,East Flatbush,
Hamptons,East Hampton,
Hamptons,East Hampton Springs,
Hamptons,East Hampton Village,
Manhattan,East Harlem,
Nassau,East Hills,
Suffolk,East Islip,
Nassau,East Massapequa,
Nassau,East Meadow,
Suffolk,East Moriches,
Brooklyn,East New York,
Suffolk,East Northport,
Nassau,East Norwich,
Suffolk,East Patchogue,
Hamptons,East Quogue,
Nassau,East Rockaway,
Suffolk,East Setauket,
Bronx,East Tremont,
Manhattan,East Village,
Brooklyn,East Williamsburg,
Nassau,East Williston,
Westchester,Eastchester,
Suffolk,Eatons Neck,
Bronx,Edenwald,
Bronx,Edgewater Park,
Queens,Elmhurst,
Nassau,Elmont,
Westchester,Elmsford,
Suffolk,Fair Harbor,
Queens,Far Rockaway,
Nassau,Farmingdale,
Suffolk,Farmingville,
Brooklyn,Farragut,
Manhattan,Fashion Center,
Bronx,Fieldston,
Manhattan,Financial District,
Suffolk,Fire Island Pines,
Brooklyn,Fiske Terrace,
Hamptons,Flanders,
Brooklyn,Flatbush,
Manhattan,Flatiron,
Brooklyn,Flatlands,
Queens,Floral Park,
Queens,Flushing,
Bronx,Fordham,
Queens,Forest Hills,
Brooklyn,Fort Greene,
Brooklyn,Fort Hamilton,
Suffolk,Fort Salonga,
Nassau,Franklin Square,
Nassau,Freeport,
Queens,Fresh Meadows,
Brooklyn,Fulton Ferry,
Nassau,Garden City,
Nassau,Garden City Park,
Nassau,Garden City South,
Brooklyn,Georgetown,
Brooklyn,Gerritsen Beach,
Suffolk,Gilgo Beach,
Nassau,Glen Cove,
Nassau,Glen Head,
Queens,Glen Oaks,
Queens,Glendale,
Nassau,Glenwood Landing,
Westchester,Goldens Bridge,
Brooklyn,Gowanus,
Manhattan,Gramercy,Union Square
Westchester,Granite Springs,
Brooklyn,Gravesend,
Nassau,Great Neck,
Nassau,Great Neck Estates,
Nassau,Great Neck Plaza,
Suffolk,Great River,
Westchester,Greenburgh,
Suffolk,Greenlawn,
Brooklyn,Greenpoint,
Nassau,Greenvale,
Manhattan,Greenwich Village,
Brooklyn,Greenwood,
Suffolk,Halesite,
Manhattan,Hamilton Heights,
Hamptons,Hampton Bays,
Manhattan,Harlem,
Westchester,Harrison,
Westchester,Hartsdale,
Westchester,Hastings-on-Hudson,
Suffolk,Hauppauge,
Westchester,Hawthorne,
Suffolk,Head Of Harbor,
Nassau,Hempstead,
Nassau,Hewlett,
Nassau,Hewlett Bay Park,
Nassau,Hewlett Harbor,
Nassau,Hewlett Neck,
Nassau,Hicksville,
Bronx,Highbridge,
Queens,Hillcrest,
Suffolk,Holbrook,
Queens,Hollis,
Queens,Hollis Hills,
Queens,Holliswood,
Suffolk,Holtsville,
Brooklyn,Homecrest,
Queens,Howard Beach,
Manhattan,Hudson Heights,
Suffolk,Huntington,
Suffolk,Huntington Bay,
Suffolk,Huntington Manor,
Suffolk,Huntington Station,
Bronx,Hunts Point,
Manhattan,Inwood,
Westchester,Irvington,
Nassau,Island Park,
Suffolk,Islandia,
Suffolk,Islip,
Suffolk,Islip Terrace,
Queens,Jackson Heights,
Manhattan,Jacob Javits Center,
Queens,Jamaica,
Queens,Jamaica Estates,
Queens,Jamaica Hills,
Hamptons,Jamesport,
Westchester,Jefferson Valley,
Nassau,Jericho,
Westchester,Katonah,
Brooklyn,Kensington,
Queens,Kew Gardens,
Queens,Kew Gardens Hills,
Suffolk,Kings Park,
Nassau,Kings Point,
Bronx,Kingsbridge,
Bronx,Kingsbridge Heights,
Manhattan,Kips Bay,
Suffolk,Kismet,
Suffolk,Lake Grove,
Suffolk,Lake Ronkonkoma,
Nassau,Lake Success,
Westchester,Larchmont,
Nassau,Lattingtown,
Nassau,Laurel Hollow,
Queens,Laurelton,
Nassau,Lawrence,
Nassau,Levittown,
Westchester,Lewisboro,
Nassau,Lido Beach,
Manhattan,Lincoln Square,
Westchester,Lincolndale,
Suffolk,Lindenhurst,
Manhattan,Little Italy,Chinatown
Queens,Little Neck,
Suffolk,Lloyd Harbor,
Suffolk,Lloyd Neck,
Nassau,Locust Grove,
Bronx,Locust Point,
Nassau,Locust Valley,
Suffolk,Lonelyville,
Nassau,Long Beach,
Queens,Long Island City,
Bronx,Longwood,
Manhattan,Lower East Side,
Nassau,Lynbrook,
Queens,Malba,
Nassau,Malverne,
Westchester,Mamaroneck,
Nassau,Manhasset,
Nassau,Manhasset Hills,
Brooklyn,Manhattan Beach,
Nassau,Manorhaven,
Suffolk,Manorville,
Brooklyn,Marine Park,
Westchester,Maryknoll,
Queens,Maspeth,
Nassau,Massapequa,
Nassau,Massapequa Park,
Suffolk,Mastic,
Suffolk,Mastic Beach,
Nassau,Matinecock,
Suffolk,Medford,
Suffolk,Melville,
Nassau,Merrick,
Suffolk,Middle Island,
Queens,Middle Village,
Manhattan,Midtown,
Brooklyn,Midwood,
Brooklyn,Mill Basin,
Nassau,Mill Neck,
Suffolk,Miller Place,
Westchester,Millwood,
Nassau,Mineola,
Westchester,Mohegan Lake,
Hamptons,Montauk,
Westchester,Montrose,
Suffolk,Moriches,
Manhattan,Morningside Heights,
Bronx,Morris Heights,
Bronx,Morris Park,
Bronx,Morrisania,
Bronx,Mott Haven,
Westchester,Mount Kisco,
Westchester,Mount Pleasant,
Westchester,Mount Vernon,
Suffolk,Mount Sinai,
Manhattan,Murray Hill,
Nassau,Muttontown,
Suffolk,Nesconset,
Westchester,New Castle,
Nassau,New Hyde Park,
Westchester,New Rochelle,
Hamptons,New Suffolk,
Suffolk,Nissequogue,
Manhattan,NoHo,
Suffolk,North Amityville,
Suffolk,North Babylon,
Nassau,North Baldwin,
Nassau,North Bellmore,
Westchester,North Castle,
Suffolk,North Great River,
Hamptons,North Haven,
Nassau,North Hills,
Suffolk,North Lindenhurst,
Nassau,North Massapequa,
Nassau,North Merrick,
Suffolk,North Patchogue,
Bronx,North Riverdale,
Westchester,North Salem,
Hamptons,North Sea,
Suffolk,North Sea Harbor,
Nassau,North Valley Stream,
Nassau,North Woodmere,
Suffolk,Northport,
Suffolk,Northville,
Bronx,Norwood,
Suffolk,Noyack,
Suffolk,Oak Beach,
Suffolk,Oakdale,
Queens,Oakland Gardens,
Suffolk,Ocean Bay Park,
Suffolk,Ocean Beach,
Brooklyn,Ocean Hill,
Nassau,Oceanside,
Nassau,Old Bethpage,
Nassau,Old Brookville,
Suffolk,Old Field,
Brooklyn,Old Mill Basin,
Nassau,Old Westbury,
Bronx,Olinville,
Westchester,Ossining,
Nassau,Oyster Bay,
Nassau,Oyster Bay Cove,
Queens,Ozone Park,
Brooklyn,Park Slope,
Bronx,Parkchester,
Suffolk,Patchogue,
Westchester,Peekskill,
Westchester,Pelham,
Bronx,Pelham Bay,
Bronx,Pelham Gardens,
Westchester,Pelham Manor,
Bronx,Pelham Parkway,
Nassau,Plainedge,
Nassau,Plainview,
Nassau,Plandome,
Nassau,Plandome Heights,
Nassau,Plandome Manor,
Westchester,Pleasant Valley,
Westchester,Pleasantville,
Nassau,Point Lookout,
Suffolk,Point O' Woods,
Suffolk,Poquott,
Westchester,Port Chester,
Suffolk,Port Jefferson,
Suffolk,Port Jefferson Station,
Suffolk,Port Jefferson Village,
Bronx,Port Morris,
Nassau,Port Washington,
Westchester,Poughkeepsie City,
Westchester,Poughkeepsie Town,
Westchester,Pound Ridge,
Staten Island,Princes Bay,
Brooklyn,Prospect Heights,
Brooklyn,Prospect Park South,
Brooklyn,Prospect-Lefferts Gardens,
Westchester,Purchase,
Westchester,Purdys,
Queens,Queens Village,
Hamptons,Quogue,
Brooklyn,Red Hook,
Queens,Rego Park,
Brooklyn,Remsen Village,
Hamptons,Remsenburg,
Queens,Richmond Hill,
Suffolk,Ridge,
Queens,Ridgewood,
Bronx,Riverdale,
Suffolk,Robbins Rest,
Queens,Rochdale,
Queens,Rochdale Village,
Queens,Rockaway Beach,
Queens,Rockaway Park,
Nassau,Rockville Centre,
Suffolk,Rocky Point,
Suffolk,Ronkonkoma,
Nassau,Roosevelt,
Manhattan,Roosevelt Island,
Queens,Rosedale,
Nassau,Roslyn,
Nassau,Roslyn Estates,
Nassau,Roslyn Harbor,
Nassau,Roslyn Heights,
Brooklyn,Rugby,
Westchester,Rye,
Westchester,Rye Brook,
Hamptons,Sag Harbor,
Hamptons,Sag Harbor Village,
Hamptons,Sagaponack,
Suffolk,Sailors Haven,
Queens,Saint Albans,
Suffolk,Saint James,
Suffolk,Saltaire,
Nassau,Sands Point,
Suffolk,Sayville,
Westchester,Scarborough,
Westchester,Scarsdale,
Nassau,Sea Cliff,
Brooklyn,Sea Gate,
Nassau,Seaford,
Nassau,Searingtown,
Suffolk,Seaview,
Suffolk,Selden,
Suffolk,Setauket,
Brooklyn,Sheepshead Bay,
Hamptons,Shelter Island,
Hamptons,Shelter Island Heights,
Westchester,Shenorock,
Hamptons,Shinnecock,
Hamptons,Shinnecock Hills,
Suffolk,Shirley,
Suffolk,Shoreham,
Bronx,Silver Beach,
Westchester,Sleepy Hollow,
Suffolk,Smithtown,
Manhattan,SoHo,Nolita
Westchester,Somers,
Suffolk,Sound Beach,
Bronx,Soundview,
Nassau,South Bellmore,
Nassau,South Farmingdale,
Nassau,South Floral Park,
Nassau,South Hempstead,
Suffolk,South Huntington,
Nassau,South Merrick,
Queens,South Ozone Park,
Westchester,South Salem,
Suffolk,South Setauket,
Hamptons,Southampton,
Hamptons,Southampton North,
Hamptons,Southampton South,
Hamptons,Southampton Village,
Hamptons,Southold,
Suffolk,Spatengaville,
Hamptons,Speonk,
Queens,Springfield Gdns,
Bronx,Spuyten Duyvil,
Westchester,Stanford,
Nassau,Stewart Manor,
Suffolk,Stony Brook,
Brooklyn,Stuyvesant Heights,
Suffolk,Summer Club,
Queens,Sunnyside,
Brooklyn,Sunset Park,
Manhattan,Sutton Area,
Nassau,Syosset,
Westchester,Tarrytown,
Westchester,Thornwood,
Bronx,Tremont,
Manhattan,TriBeCa,
Westchester,Tuckahoe,
Manhattan,Turtle Bay,
Nassau,Uniondale,
Bronx,University Heights,
Nassau,Upper Brookville,
Manhattan,Upper East Side,
Manhattan,Upper West Side,
Westchester,Valhalla,
Nassau,Valley Stream,
Bronx,Van Cortlandt Village,
Bronx,Van Nest,
Westchester,Verplanck,
Brooklyn,Vinegar Hill,
Westchester,Waccabuc,
Suffolk,Wading River,
Hamptons,Wainscott,
Hamptons,Wainscott North,
Hamptons,Wainscott South,
Bronx,Wakefield,
Nassau,Wantagh,
Westchester,Washington,
Manhattan,Washington Heights,
Suffolk,Watch Hill,
Suffolk,Water Island,
Hamptons,Water Mill,
Hamptons,Water Mill North,
Hamptons,Water Mill South,
Suffolk,West Babylon,
Suffolk,West Bay Shore,
Bronx,West Farms,
Suffolk,West Gilgo Beach,
Westchester,West Harrison,
Nassau,West Hempstead,
Suffolk,West Hills,
Suffolk,West Islip,
Suffolk,West Sayville,
Manhattan,West Village,Meatpacking
Suffolk,West Yaphank,
Nassau,Westbury,
Hamptons,Westhampton,
Hamptons,Westhampton Beach,
Suffolk,Wheatley Heights,
Westchester,White Plains,
Queens,Whitestone,
Bronx,Williamsbridge,
Brooklyn,Williamsburg,
Nassau,Williston Park,
Brooklyn,Windsor Terrace,
Nassau,Woodbury,
Queens,Woodhaven,
Bronx,Woodlawn,
Nassau,Woodmere,
Nassau,Woodsburgh,
Queens,Woodside,
Suffolk,Wyandanch,
Suffolk,Yaphank,
Westchester,Yonkers,
Westchester,Yorktown,
Westchester,Yorktown Heights,
